{
  "hash": "68d72e80",
  "configHash": "3a288202",
  "lockfileHash": "de85ffb4",
  "browserHash": "c1f1ac53",
  "optimized": {
    "@angular/common": {
      "src": "../../../../../node_modules/@angular/common/fesm2022/common.mjs",
      "file": "@angular_common.js",
      "fileHash": "a5edad55",
      "needsInterop": false
    },
    "@angular/core": {
      "src": "../../../../../node_modules/@angular/core/fesm2022/core.mjs",
      "file": "@angular_core.js",
      "fileHash": "ba8c9d42",
      "needsInterop": false
    },
    "@angular/platform-browser": {
      "src": "../../../../../node_modules/@angular/platform-browser/fesm2022/platform-browser.mjs",
      "file": "@angular_platform-browser.js",
      "fileHash": "e5aabbb4",
      "needsInterop": false
    },
    "@angular/router": {
      "src": "../../../../../node_modules/@angular/router/fesm2022/router.mjs",
      "file": "@angular_router.js",
      "fileHash": "75ca728d",
      "needsInterop": false
    }
  },
  "chunks": {
    "chunk-7ROEG5FO": {
      "file": "chunk-7ROEG5FO.js"
    },
    "chunk-2JOM4EE6": {
      "file": "chunk-2JOM4EE6.js"
    },
    "chunk-7UBRETAF": {
      "file": "chunk-7UBRETAF.js"
    }
  }
}