{
  "hash": "a9d3a936",
  "configHash": "129105ec",
  "lockfileHash": "c5f0f5d8",
  "browserHash": "e4fe5e31",
  "optimized": {
    "@angular/common": {
      "src": "../../../../../node_modules/@angular/common/fesm2022/common.mjs",
      "file": "@angular_common.js",
      "fileHash": "f13b8094",
      "needsInterop": false
    },
    "@angular/core": {
      "src": "../../../../../node_modules/@angular/core/fesm2022/core.mjs",
      "file": "@angular_core.js",
      "fileHash": "391265e0",
      "needsInterop": false
    },
    "@angular/platform-browser": {
      "src": "../../../../../node_modules/@angular/platform-browser/fesm2022/platform-browser.mjs",
      "file": "@angular_platform-browser.js",
      "fileHash": "41f5068b",
      "needsInterop": false
    },
    "@angular/router": {
      "src": "../../../../../node_modules/@angular/router/fesm2022/router.mjs",
      "file": "@angular_router.js",
      "fileHash": "2a200448",
      "needsInterop": false
    }
  },
  "chunks": {
    "chunk-53SZ337O": {
      "file": "chunk-53SZ337O.js"
    },
    "chunk-55FTOU6V": {
      "file": "chunk-55FTOU6V.js"
    },
    "chunk-4TZND4QJ": {
      "file": "chunk-4TZND4QJ.js"
    }
  }
}