{
  "hash": "76dc9266",
  "configHash": "a3367bfd",
  "lockfileHash": "ffc40725",
  "browserHash": "f51dbe69",
  "optimized": {
    "@angular/common": {
      "src": "../../../../../node_modules/@angular/common/fesm2022/common.mjs",
      "file": "@angular_common.js",
      "fileHash": "f02fb059",
      "needsInterop": false
    },
    "@angular/core": {
      "src": "../../../../../node_modules/@angular/core/fesm2022/core.mjs",
      "file": "@angular_core.js",
      "fileHash": "9fe3f79a",
      "needsInterop": false
    },
    "@angular/platform-browser": {
      "src": "../../../../../node_modules/@angular/platform-browser/fesm2022/platform-browser.mjs",
      "file": "@angular_platform-browser.js",
      "fileHash": "4954ff5a",
      "needsInterop": false
    },
    "@angular/router": {
      "src": "../../../../../node_modules/@angular/router/fesm2022/router.mjs",
      "file": "@angular_router.js",
      "fileHash": "96894444",
      "needsInterop": false
    }
  },
  "chunks": {
    "chunk-7ROEG5FO": {
      "file": "chunk-7ROEG5FO.js"
    },
    "chunk-2JOM4EE6": {
      "file": "chunk-2JOM4EE6.js"
    },
    "chunk-7UBRETAF": {
      "file": "chunk-7UBRETAF.js"
    }
  }
}