{
  "hash": "23bc6e53",
  "browserHash": "6628d4ff",
  "optimized": {
    "@angular/common": {
      "src": "../../../../../node_modules/@angular/common/fesm2022/common.mjs",
      "file": "@angular_common.js",
      "fileHash": "754d25cd",
      "needsInterop": false
    },
    "@angular/core": {
      "src": "../../../../../node_modules/@angular/core/fesm2022/core.mjs",
      "file": "@angular_core.js",
      "fileHash": "9285d62e",
      "needsInterop": false
    },
    "@angular/platform-browser": {
      "src": "../../../../../node_modules/@angular/platform-browser/fesm2022/platform-browser.mjs",
      "file": "@angular_platform-browser.js",
      "fileHash": "db1a2daf",
      "needsInterop": false
    },
    "@angular/router": {
      "src": "../../../../../node_modules/@angular/router/fesm2022/router.mjs",
      "file": "@angular_router.js",
      "fileHash": "45ffba54",
      "needsInterop": false
    }
  },
  "chunks": {
    "chunk-X7JLKNB6": {
      "file": "chunk-X7JLKNB6.js"
    },
    "chunk-IBOIJDAZ": {
      "file": "chunk-IBOIJDAZ.js"
    },
    "chunk-7EWUOI4Z": {
      "file": "chunk-7EWUOI4Z.js"
    }
  }
}