{
  "hash": "7cc382ad",
  "configHash": "75a72986",
  "lockfileHash": "ffc40725",
  "browserHash": "f9a60298",
  "optimized": {
    "@angular/common": {
      "src": "../../../../../node_modules/@angular/common/fesm2022/common.mjs",
      "file": "@angular_common.js",
      "fileHash": "460a9750",
      "needsInterop": false
    },
    "@angular/core": {
      "src": "../../../../../node_modules/@angular/core/fesm2022/core.mjs",
      "file": "@angular_core.js",
      "fileHash": "8312ddb3",
      "needsInterop": false
    },
    "@angular/platform-browser": {
      "src": "../../../../../node_modules/@angular/platform-browser/fesm2022/platform-browser.mjs",
      "file": "@angular_platform-browser.js",
      "fileHash": "1363f45f",
      "needsInterop": false
    },
    "@angular/router": {
      "src": "../../../../../node_modules/@angular/router/fesm2022/router.mjs",
      "file": "@angular_router.js",
      "fileHash": "febc3784",
      "needsInterop": false
    }
  },
  "chunks": {
    "chunk-7ROEG5FO": {
      "file": "chunk-7ROEG5FO.js"
    },
    "chunk-2JOM4EE6": {
      "file": "chunk-2JOM4EE6.js"
    },
    "chunk-7UBRETAF": {
      "file": "chunk-7UBRETAF.js"
    }
  }
}