{
  "hash": "0b96a489",
  "browserHash": "de784ed9",
  "optimized": {
    "@angular/common": {
      "src": "../../../../../node_modules/@angular/common/fesm2022/common.mjs",
      "file": "@angular_common.js",
      "fileHash": "079193ab",
      "needsInterop": false
    },
    "@angular/core": {
      "src": "../../../../../node_modules/@angular/core/fesm2022/core.mjs",
      "file": "@angular_core.js",
      "fileHash": "e3808b35",
      "needsInterop": false
    },
    "@angular/platform-browser": {
      "src": "../../../../../node_modules/@angular/platform-browser/fesm2022/platform-browser.mjs",
      "file": "@angular_platform-browser.js",
      "fileHash": "927c5410",
      "needsInterop": false
    },
    "@angular/router": {
      "src": "../../../../../node_modules/@angular/router/fesm2022/router.mjs",
      "file": "@angular_router.js",
      "fileHash": "386e1e36",
      "needsInterop": false
    }
  },
  "chunks": {
    "chunk-X7JLKNB6": {
      "file": "chunk-X7JLKNB6.js"
    },
    "chunk-IBOIJDAZ": {
      "file": "chunk-IBOIJDAZ.js"
    },
    "chunk-7EWUOI4Z": {
      "file": "chunk-7EWUOI4Z.js"
    }
  }
}