{
  "hash": "cb9f6a5a",
  "browserHash": "0365e80f",
  "optimized": {
    "@angular/core": {
      "src": "../../../../../node_modules/@angular/core/fesm2022/core.mjs",
      "file": "@angular_core.js",
      "fileHash": "d3bab592",
      "needsInterop": false
    },
    "@angular/forms": {
      "src": "../../../../../node_modules/@angular/forms/fesm2022/forms.mjs",
      "file": "@angular_forms.js",
      "fileHash": "e87378b5",
      "needsInterop": false
    },
    "@angular/platform-browser": {
      "src": "../../../../../node_modules/@angular/platform-browser/fesm2022/platform-browser.mjs",
      "file": "@angular_platform-browser.js",
      "fileHash": "92e8b579",
      "needsInterop": false
    },
    "@angular/router": {
      "src": "../../../../../node_modules/@angular/router/fesm2022/router.mjs",
      "file": "@angular_router.js",
      "fileHash": "cf308925",
      "needsInterop": false
    }
  },
  "chunks": {
    "chunk-BKTXA3AD": {
      "file": "chunk-BKTXA3AD.js"
    },
    "chunk-LHOB5PXC": {
      "file": "chunk-LHOB5PXC.js"
    },
    "chunk-GQV5CXXG": {
      "file": "chunk-GQV5CXXG.js"
    }
  }
}