{
  "hash": "302b2c8c",
  "configHash": "26fabd9f",
  "lockfileHash": "a30da185",
  "browserHash": "778a97e0",
  "optimized": {
    "@angular/common": {
      "src": "../../../../../node_modules/@angular/common/fesm2022/common.mjs",
      "file": "@angular_common.js",
      "fileHash": "ca47d36e",
      "needsInterop": false
    },
    "@angular/core": {
      "src": "../../../../../node_modules/@angular/core/fesm2022/core.mjs",
      "file": "@angular_core.js",
      "fileHash": "4b3440bf",
      "needsInterop": false
    },
    "@angular/platform-browser": {
      "src": "../../../../../node_modules/@angular/platform-browser/fesm2022/platform-browser.mjs",
      "file": "@angular_platform-browser.js",
      "fileHash": "8d0bd760",
      "needsInterop": false
    },
    "@angular/router": {
      "src": "../../../../../node_modules/@angular/router/fesm2022/router.mjs",
      "file": "@angular_router.js",
      "fileHash": "6b1471f2",
      "needsInterop": false
    }
  },
  "chunks": {
    "chunk-2DK4MCQQ": {
      "file": "chunk-2DK4MCQQ.js"
    },
    "chunk-L22JU2LC": {
      "file": "chunk-L22JU2LC.js"
    },
    "chunk-JNM7CA4Q": {
      "file": "chunk-JNM7CA4Q.js"
    }
  }
}